model,rmse,mae,r2
Linear Regression,57.55356752106602,35.09535508667688,0.9946870315714424
Random Forest,1288.4102202139095,1020.3066880557991,-1.6625701540202296
Gradient Boosting,1285.8568121649587,1015.7024980512916,-1.6520270970057713
XGBoost,1342.9863336405942,1091.5790700052448,-1.8929166676304687
