model,rmse,mae,r2
Linear Regression,0.010797860373596077,0.007854745171610264,-0.07716997609407686
Random Forest,0.013272914103469483,0.009957956593805625,-0.9415697970424073
Gradient Boosting,0.014648722148975099,0.010960107204313618,-1.6004831043745398
XGBoost,0.012742193782442304,0.009677611078914728,-0.6531114362524427
