model,rmse,mae,r2
Linear Regression,57.34045526001064,34.987502012969266,0.994680963853694
Random Forest,1297.809977201355,1034.1374369954121,-1.7247890496941016
Gradient Boosting,1293.3439611733809,1027.1705642653592,-1.7060682601793733
XGBoost,1327.602563012985,1075.4120090767472,-1.8513257258727371
